brand_name,model_name,condition_name,gb_spec_name,colour_name,network_name
Karena,Dode,Grade A - Good Condition,"Not Applicable,",Blue,unlocked
Siana,Viki,Grade D - Good Condition,"Not Applicable,",White,
Lusa,Candy,Grade A - Good Condition,Grade C - Acceptable Condition,Black,locked
Tani,Elmira,Grade B - Good Condition,Grade A - Acceptable Condition,Black,
Dede,Gilligan,Grade B - Good Condition,"Not Applicable,",Black,locked
Caressa,Vevay,Grade B - Good Condition,Grade A - Acceptable Condition,White,locked
Eugine,Kaja,Grade B - Good Condition,"Not Applicable,",Black,locked
Lorenza,Shauna,Grade A - Good Condition,Grade A - Acceptable Condition,Blue,
Oona,Dacia,Grade A - Good Condition,"Not Applicable,",White,unlocked
Moyna,Gusella,Grade A - Good Condition,Grade C - Acceptable Condition,Black,unlocked
Marleah,Lanae,Grade C - Good Condition,,Black,locked
Hildegaard,Jenilee,Grade C - Good Condition,,Blue,
Raf,Annaliese,Grade B - Good Condition,Grade A - Acceptable Condition,White,locked
Olivette,Emmey,Grade D - Good Condition,Grade A - Acceptable Condition,Blue,unlocked
Allyce,Stacey,Grade B - Good Condition,Grade B - Acceptable Condition,Black,locked
Wilma,Tori,Grade B - Good Condition,"Not Applicable,",Black,
Mireielle,Henriette,Grade C - Good Condition,Grade B - Acceptable Condition,White,
Ottilie,Inga,Grade B - Good Condition,"Not Applicable,",Black,unlocked
Cindelyn,Dale,Grade B - Good Condition,Grade B - Acceptable Condition,Black,locked
Lanna,Paola,Grade A - Good Condition,"Not Applicable,",White,locked
Asia,Neila,Grade C - Good Condition,Grade B - Acceptable Condition,White,unlocked
Petronia,Alex,Grade D - Good Condition,"Not Applicable,",White,
Helsa,Gaylene,Grade B - Good Condition,"Not Applicable,",Black,locked
Elmira,Dorene,Grade A - Good Condition,"Not Applicable,",Black,locked
Xylina,Dawn,Grade B - Good Condition,Grade B - Acceptable Condition,White,unlocked
Damaris,Georgina,Grade D - Good Condition,Grade B - Acceptable Condition,White,unlocked
Blake,Stephanie,Grade A - Good Condition,Grade C - Acceptable Condition,Blue,unlocked
Karolina,Aurelie,Grade C - Good Condition,,White,
Christy,Madelle,Grade C - Good Condition,"Not Applicable,",White,locked
Karly,Magdalena,Grade A - Good Condition,,White,
Deirdre,Pollyanna,Grade D - Good Condition,Grade C - Acceptable Condition,Blue,unlocked
Marika,Sophia,Grade A - Good Condition,"Not Applicable,",Black,
Marika,Alex,Grade B - Good Condition,,Blue,
Tierney,Goldie,Grade C - Good Condition,Grade A - Acceptable Condition,Black,locked
Diena,Margarette,Grade A - Good Condition,Grade A - Acceptable Condition,Black,unlocked
Gaylene,Tracey,Grade B - Good Condition,Grade B - Acceptable Condition,Black,unlocked
Valeda,Mamie,Grade A - Good Condition,Grade B - Acceptable Condition,White,unlocked
Korrie,Demetris,Grade A - Good Condition,Grade C - Acceptable Condition,Blue,
Tarra,Hope,Grade A - Good Condition,Grade C - Acceptable Condition,Black,locked
Olivette,Alisha,Grade C - Good Condition,Grade A - Acceptable Condition,Black,locked
Brandise,Therine,Grade C - Good Condition,Grade C - Acceptable Condition,Black,locked
Cyndie,Wendi,Grade B - Good Condition,Grade B - Acceptable Condition,White,locked
Loree,Lorie,Grade B - Good Condition,,Black,
Jean,Gusty,Grade A - Good Condition,,Black,
Beatriz,Brana,Grade A - Good Condition,Grade B - Acceptable Condition,Blue,locked
Tomasina,Blake,Grade D - Good Condition,Grade B - Acceptable Condition,Blue,unlocked
Dacia,Nadine,Grade B - Good Condition,Grade A - Acceptable Condition,White,unlocked
Edyth,Ethel,Grade C - Good Condition,"Not Applicable,",Black,
Justinn,Miquela,Grade C - Good Condition,,White,
Drucie,Lindie,Grade D - Good Condition,,White,unlocked
Netty,Corly,Grade A - Good Condition,,Black,
Marleah,Anica,Grade B - Good Condition,,Blue,
Brana,Cristine,Grade B - Good Condition,,White,
Daune,Margarette,Grade A - Good Condition,"Not Applicable,",White,unlocked
Millie,Gaylene,Grade D - Good Condition,,Black,unlocked
Hayley,Maryellen,Grade D - Good Condition,Grade B - Acceptable Condition,White,
Vonny,Madalyn,Grade B - Good Condition,Grade B - Acceptable Condition,White,
Rebeca,Charmaine,Grade A - Good Condition,,White,locked
Korrie,Shaylyn,Grade D - Good Condition,Grade A - Acceptable Condition,Black,locked
Lanae,Nataline,Grade D - Good Condition,Grade A - Acceptable Condition,White,unlocked
Ira,Dale,Grade C - Good Condition,Grade C - Acceptable Condition,Black,locked
Tabbatha,Clary,Grade B - Good Condition,Grade A - Acceptable Condition,Black,
Demetris,Lucille,Grade A - Good Condition,Grade A - Acceptable Condition,Black,
Paola,Patricia,Grade C - Good Condition,Grade C - Acceptable Condition,Blue,unlocked
Nita,Amara,Grade D - Good Condition,Grade A - Acceptable Condition,Blue,locked
Lynde,Layla,Grade A - Good Condition,"Not Applicable,",White,
Cyndie,Dianemarie,Grade C - Good Condition,"Not Applicable,",Blue,unlocked
Ardys,Rochette,Grade C - Good Condition,"Not Applicable,",White,locked
Maye,Tami,Grade D - Good Condition,Grade A - Acceptable Condition,Blue,
Marcy,Lexine,Grade C - Good Condition,"Not Applicable,",Black,
Marylou,Dulce,Grade C - Good Condition,"Not Applicable,",Blue,locked
Miquela,Linet,Grade A - Good Condition,Grade B - Acceptable Condition,White,locked
Maurene,Kelly,Grade C - Good Condition,"Not Applicable,",Black,
Rosanne,Leia,Grade A - Good Condition,Grade C - Acceptable Condition,Blue,
Marinna,Shell,Grade C - Good Condition,,White,
Edith,Nanete,Grade B - Good Condition,Grade C - Acceptable Condition,Blue,unlocked
Nita,Dawn,Grade A - Good Condition,"Not Applicable,",Blue,unlocked
Rozele,Carmencita,Grade A - Good Condition,,Blue,unlocked
Genovera,Betta,Grade C - Good Condition,Grade C - Acceptable Condition,Black,
Tamqrah,Augustine,Grade A - Good Condition,Grade C - Acceptable Condition,Blue,locked
Annora,Brena,Grade A - Good Condition,Grade A - Acceptable Condition,White,unlocked
Vanessa,Ayn,Grade C - Good Condition,Grade C - Acceptable Condition,Black,
Bernardine,Alie,Grade A - Good Condition,,White,
Dorice,Julieta,Grade A - Good Condition,"Not Applicable,",White,locked
Lilith,Bernie,Grade A - Good Condition,Grade A - Acceptable Condition,White,unlocked
Alexine,Claresta,Grade D - Good Condition,,Blue,unlocked
Krystle,Stevana,Grade A - Good Condition,Grade A - Acceptable Condition,Blue,unlocked
Roz,Paule,Grade C - Good Condition,"Not Applicable,",Black,unlocked
Pamella,Tera,Grade B - Good Condition,Grade B - Acceptable Condition,Black,unlocked
Livvyy,Henriette,Grade C - Good Condition,,Blue,locked
Brana,Siana,Grade D - Good Condition,"Not Applicable,",Blue,
Bernie,Beatriz,Grade B - Good Condition,Grade A - Acceptable Condition,Blue,
Cindelyn,Olivette,Grade A - Good Condition,,White,
Leia,Wendi,Grade C - Good Condition,Grade A - Acceptable Condition,Black,locked
Charmaine,Damaris,Grade B - Good Condition,"Not Applicable,",White,unlocked
Cherrita,Dorene,Grade C - Good Condition,Grade B - Acceptable Condition,Black,unlocked
Penelopa,Kerrin,Grade A - Good Condition,"Not Applicable,",Black,
Layla,Willetta,Grade B - Good Condition,Grade C - Acceptable Condition,Blue,locked
Gusella,Mady,Grade A - Good Condition,"Not Applicable,",Blue,locked
Dennie,Ingrid,Grade C - Good Condition,Grade A - Acceptable Condition,Black,unlocked
Amelia,Maurene,Grade D - Good Condition,"Not Applicable,",White,locked
Kittie,Veda,Grade A - Good Condition,Grade C - Acceptable Condition,White,
Amelia,Xylina,Grade C - Good Condition,Grade A - Acceptable Condition,Blue,locked
Danika,Candi,Grade B - Good Condition,Grade C - Acceptable Condition,White,
Gale,Charissa,Grade D - Good Condition,"Not Applicable,",Black,
Robinia,Adele,Grade D - Good Condition,Grade A - Acceptable Condition,Blue,unlocked
Paola,Sarette,Grade A - Good Condition,,Blue,
Clarice,Ayn,Grade C - Good Condition,Grade A - Acceptable Condition,Black,locked
Leontine,Oralee,Grade D - Good Condition,,Black,
Willetta,Ashlee,Grade C - Good Condition,Grade A - Acceptable Condition,Blue,
Margalo,Tami,Grade A - Good Condition,Grade B - Acceptable Condition,Black,unlocked
Christy,Demetris,Grade B - Good Condition,Grade A - Acceptable Condition,White,locked
Jolyn,Aurelie,Grade B - Good Condition,,White,unlocked
Minne,Ilse,Grade B - Good Condition,Grade C - Acceptable Condition,White,
Juliane,Brianna,Grade A - Good Condition,Grade C - Acceptable Condition,Blue,unlocked
Dulce,Merrie,Grade C - Good Condition,,White,
Dagmar,Minne,Grade C - Good Condition,Grade B - Acceptable Condition,Black,locked
Lulita,Babita,Grade B - Good Condition,Grade C - Acceptable Condition,Blue,
Joelly,Doro,Grade B - Good Condition,Grade B - Acceptable Condition,Blue,locked
Linet,Yvonne,Grade B - Good Condition,Grade A - Acceptable Condition,Black,locked
Lanae,Vinita,Grade B - Good Condition,"Not Applicable,",Blue,locked
Nicoli,Peri,Grade A - Good Condition,Grade C - Acceptable Condition,Blue,unlocked
Frieda,Romona,Grade C - Good Condition,Grade C - Acceptable Condition,White,
Ronna,Laurene,Grade C - Good Condition,Grade B - Acceptable Condition,Blue,unlocked
Penelopa,Konstance,Grade D - Good Condition,Grade B - Acceptable Condition,Black,unlocked
Selia,Fanny,Grade C - Good Condition,Grade C - Acceptable Condition,Black,unlocked
Wynne,Shannah,Grade B - Good Condition,Grade A - Acceptable Condition,Black,
Wileen,Tybie,Grade D - Good Condition,"Not Applicable,",White,
Tami,Caritta,Grade B - Good Condition,"Not Applicable,",White,locked
Eugine,Amalie,Grade D - Good Condition,Grade C - Acceptable Condition,White,
Kary,Gerrie,Grade D - Good Condition,Grade A - Acceptable Condition,Blue,locked
Renae,Zia,Grade C - Good Condition,Grade C - Acceptable Condition,White,
Vivia,Jasmina,Grade C - Good Condition,Grade A - Acceptable Condition,Blue,
Suzette,Deedee,Grade B - Good Condition,Grade C - Acceptable Condition,Blue,locked
Hayley,Janenna,Grade C - Good Condition,Grade B - Acceptable Condition,White,
Edyth,Annice,Grade D - Good Condition,,Black,unlocked
Brianna,Karolina,Grade A - Good Condition,Grade C - Acceptable Condition,Blue,
Tierney,Madeleine,Grade A - Good Condition,Grade A - Acceptable Condition,White,unlocked
Linzy,Rosabelle,Grade B - Good Condition,"Not Applicable,",Blue,unlocked
Sindee,Fawne,Grade A - Good Condition,Grade B - Acceptable Condition,White,locked
Joeann,Talya,Grade B - Good Condition,Grade B - Acceptable Condition,White,unlocked
Moyna,Brynna,Grade B - Good Condition,Grade B - Acceptable Condition,White,locked
Adriana,Deane,Grade A - Good Condition,Grade B - Acceptable Condition,White,locked
Lyssa,Judy,Grade C - Good Condition,Grade B - Acceptable Condition,Blue,
Bee,Wanda,Grade D - Good Condition,Grade A - Acceptable Condition,Black,
Kial,Dorothy,Grade A - Good Condition,Grade B - Acceptable Condition,Black,unlocked
Ana,Lory,Grade C - Good Condition,Grade C - Acceptable Condition,Black,locked
Dorthy,Fernande,Grade C - Good Condition,Grade C - Acceptable Condition,Black,
Aurore,Keelia,Grade D - Good Condition,"Not Applicable,",White,locked
Adore,Calla,Grade C - Good Condition,"Not Applicable,",Black,locked
Ann-Marie,Millie,Grade B - Good Condition,Grade A - Acceptable Condition,Blue,
Cordi,Alia,Grade C - Good Condition,Grade B - Acceptable Condition,Black,unlocked
Flory,Aaren,Grade D - Good Condition,Grade A - Acceptable Condition,Black,locked
Gwenneth,Layla,Grade C - Good Condition,Grade B - Acceptable Condition,Black,unlocked
Tierney,Gloria,Grade C - Good Condition,Grade B - Acceptable Condition,White,unlocked
Charissa,Lindie,Grade C - Good Condition,Grade A - Acceptable Condition,Black,
Dagmar,Kenna,Grade A - Good Condition,"Not Applicable,",Black,locked
Collen,Lynea,Grade B - Good Condition,,Black,
Corly,Alejandra,Grade D - Good Condition,Grade A - Acceptable Condition,Black,unlocked
Patricia,Cindelyn,Grade B - Good Condition,"Not Applicable,",White,
Ira,Trixi,Grade B - Good Condition,Grade B - Acceptable Condition,Black,unlocked
Noelle,Jessamyn,Grade C - Good Condition,Grade B - Acceptable Condition,White,unlocked
Rosabelle,Vevay,Grade B - Good Condition,"Not Applicable,",White,locked
Sidoney,Orelia,Grade C - Good Condition,Grade B - Acceptable Condition,Black,locked
Blinni,Fanny,Grade B - Good Condition,Grade B - Acceptable Condition,White,
Cam,Jere,Grade A - Good Condition,Grade B - Acceptable Condition,Blue,locked
Quintina,Lauryn,Grade B - Good Condition,"Not Applicable,",Blue,unlocked
Leona,Marti,Grade C - Good Condition,,Black,
Shel,Talya,Grade C - Good Condition,,Black,unlocked
Joy,Ofilia,Grade D - Good Condition,Grade C - Acceptable Condition,Black,unlocked
Darci,Agathe,Grade C - Good Condition,"Not Applicable,",Blue,
Mariele,Robbi,Grade D - Good Condition,Grade B - Acceptable Condition,White,locked
Gisela,Ivett,Grade A - Good Condition,Grade A - Acceptable Condition,Black,locked
Jany,Alexine,Grade D - Good Condition,Grade A - Acceptable Condition,Black,unlocked
Jaclyn,Andeee,Grade B - Good Condition,"Not Applicable,",White,
Chloris,Ricky,Grade B - Good Condition,Grade B - Acceptable Condition,White,unlocked
Orsola,Trudie,Grade C - Good Condition,Grade A - Acceptable Condition,White,locked
Jemie,Joelly,Grade C - Good Condition,Grade A - Acceptable Condition,Black,
Chandra,Claresta,Grade D - Good Condition,Grade C - Acceptable Condition,Blue,
Sidoney,Zaria,Grade D - Good Condition,Grade A - Acceptable Condition,White,locked
Cherrita,Morganica,Grade D - Good Condition,,Black,unlocked
Edith,Hayley,Grade D - Good Condition,Grade A - Acceptable Condition,White,locked
Orsola,Netty,Grade A - Good Condition,"Not Applicable,",White,
Darci,Mahalia,Grade C - Good Condition,"Not Applicable,",Black,locked
Sean,Kerrin,Grade A - Good Condition,,Blue,locked
Daphne,Andeee,Grade D - Good Condition,Grade A - Acceptable Condition,Black,locked
Gerrie,Ingrid,Grade B - Good Condition,Grade A - Acceptable Condition,Blue,locked
Lita,Nataline,Grade D - Good Condition,Grade B - Acceptable Condition,White,locked
Robinia,Emma,Grade A - Good Condition,"Not Applicable,",Black,unlocked
Ellette,Ginnie,Grade A - Good Condition,,White,locked
Dari,Nelle,Grade C - Good Condition,,Black,unlocked
Jennica,Anestassia,Grade D - Good Condition,Grade C - Acceptable Condition,Blue,locked
Kary,Kirstin,Grade C - Good Condition,Grade B - Acceptable Condition,Blue,
Marylou,Eugine,Grade C - Good Condition,"Not Applicable,",Black,locked
Orelia,Jobi,Grade A - Good Condition,Grade C - Acceptable Condition,Blue,
Augustine,Mellicent,Grade A - Good Condition,Grade B - Acceptable Condition,White,locked
Carlie,Johna,Grade C - Good Condition,,White,locked
Katharina,Jasmina,Grade A - Good Condition,Grade C - Acceptable Condition,Blue,unlocked
Chloris,Hope,Grade D - Good Condition,,Blue,
Kaja,Riannon,Grade B - Good Condition,,Black,
Mara,Gavrielle,Grade D - Good Condition,Grade A - Acceptable Condition,White,locked
Katharina,Brooks,Grade A - Good Condition,Grade A - Acceptable Condition,Blue,unlocked
Tori,Josephine,Grade D - Good Condition,Grade A - Acceptable Condition,Black,unlocked
Aeriela,Mariele,Grade A - Good Condition,Grade A - Acceptable Condition,Blue,
Charissa,Wileen,Grade D - Good Condition,Grade B - Acceptable Condition,White,
Tobe,Desirae,Grade D - Good Condition,,Black,unlocked
Brana,Olivette,Grade C - Good Condition,,Black,locked
Maisey,Codie,Grade D - Good Condition,Grade A - Acceptable Condition,Blue,locked
Jobi,Fred,Grade D - Good Condition,"Not Applicable,",Black,
June,Yetty,Grade D - Good Condition,Grade C - Acceptable Condition,Black,unlocked
Frances,Elie,Grade A - Good Condition,Grade B - Acceptable Condition,Blue,
Amii,Lonnie,Grade D - Good Condition,,Black,
Verla,Emilia,Grade B - Good Condition,Grade B - Acceptable Condition,Blue,unlocked
Karolina,Annora,Grade C - Good Condition,Grade B - Acceptable Condition,White,locked
Tressa,Jany,Grade A - Good Condition,,White,locked
Fanny,Clementine,Grade D - Good Condition,,White,
Dari,Hallie,Grade A - Good Condition,"Not Applicable,",White,locked
Sue,Goldie,Grade A - Good Condition,Grade A - Acceptable Condition,Blue,locked
Ann-Marie,Letizia,Grade C - Good Condition,"Not Applicable,",White,locked
Hermione,Stevana,Grade A - Good Condition,Grade C - Acceptable Condition,Blue,unlocked
Verla,Candy,Grade A - Good Condition,Grade C - Acceptable Condition,Blue,unlocked
Caritta,Angela,Grade D - Good Condition,,Black,unlocked
Chere,Kate,Grade D - Good Condition,"Not Applicable,",White,
Roz,Daune,Grade B - Good Condition,Grade C - Acceptable Condition,White,locked
Sara-Ann,Sindee,Grade A - Good Condition,Grade B - Acceptable Condition,White,locked
Michaelina,Gretal,Grade B - Good Condition,"Not Applicable,",Black,
Viki,Karina,Grade C - Good Condition,Grade C - Acceptable Condition,Blue,unlocked
Dede,Tonia,Grade D - Good Condition,,Black,locked
Brana,Dennie,Grade A - Good Condition,Grade C - Acceptable Condition,White,unlocked
Jolyn,Dennie,Grade D - Good Condition,Grade B - Acceptable Condition,White,unlocked
Konstance,Wynne,Grade C - Good Condition,Grade B - Acceptable Condition,White,locked
Beatriz,Karly,Grade C - Good Condition,,Blue,unlocked
Deirdre,Collen,Grade C - Good Condition,Grade A - Acceptable Condition,White,
Fredericka,Calla,Grade B - Good Condition,Grade A - Acceptable Condition,White,unlocked
Calla,Blinni,Grade A - Good Condition,Grade A - Acceptable Condition,Blue,
Korrie,Aubrie,Grade B - Good Condition,Grade A - Acceptable Condition,White,unlocked
Shirlee,Britni,Grade C - Good Condition,Grade A - Acceptable Condition,Blue,unlocked
Ardys,Pierette,Grade A - Good Condition,"Not Applicable,",White,unlocked
Taffy,Benita,Grade B - Good Condition,Grade B - Acceptable Condition,White,locked
Ronna,Joeann,Grade B - Good Condition,Grade A - Acceptable Condition,White,unlocked
Laure,Merrie,Grade A - Good Condition,Grade C - Acceptable Condition,Black,unlocked
Ardenia,Lyssa,Grade B - Good Condition,"Not Applicable,",Blue,unlocked
Carolina,Wynne,Grade A - Good Condition,Grade C - Acceptable Condition,White,locked
Iseabal,Edith,Grade D - Good Condition,Grade A - Acceptable Condition,Black,locked
Dulce,Korrie,Grade B - Good Condition,Grade B - Acceptable Condition,Blue,
Merry,Allis,Grade B - Good Condition,"Not Applicable,",Black,locked
Joy,Nadine,Grade C - Good Condition,Grade C - Acceptable Condition,White,
Jerry,Aurelie,Grade A - Good Condition,Grade C - Acceptable Condition,Black,unlocked
Dione,Bernie,Grade C - Good Condition,Grade A - Acceptable Condition,Black,unlocked
Kassey,Meriel,Grade B - Good Condition,Grade B - Acceptable Condition,Blue,unlocked
Ardenia,Madalyn,Grade B - Good Condition,Grade C - Acceptable Condition,White,locked
Viviene,Jeanna,Grade B - Good Condition,"Not Applicable,",Black,unlocked
Christy,Agathe,Grade D - Good Condition,"Not Applicable,",Black,unlocked
Neila,Jacquetta,Grade C - Good Condition,"Not Applicable,",Blue,
Olwen,Ardys,Grade A - Good Condition,Grade A - Acceptable Condition,Black,locked
Frank,Jacquetta,Grade C - Good Condition,Grade B - Acceptable Condition,Black,unlocked
Caryl,Deedee,Grade D - Good Condition,Grade C - Acceptable Condition,Blue,
Ursulina,Nollie,Grade A - Good Condition,Grade C - Acceptable Condition,Blue,locked
Eugine,Jemie,Grade A - Good Condition,"Not Applicable,",White,locked
Amalie,Feliza,Grade B - Good Condition,"Not Applicable,",White,locked
Tracey,Liana,Grade D - Good Condition,Grade B - Acceptable Condition,White,
Steffane,Chandra,Grade B - Good Condition,Grade A - Acceptable Condition,White,unlocked
Linet,Katharina,Grade D - Good Condition,Grade C - Acceptable Condition,Blue,locked
Bill,Janenna,Grade A - Good Condition,,White,
Hayley,Lonnie,Grade A - Good Condition,Grade A - Acceptable Condition,White,
Shannah,Danny,Grade B - Good Condition,"Not Applicable,",Blue,unlocked
Johna,Tatiania,Grade C - Good Condition,Grade C - Acceptable Condition,White,unlocked
Jenda,Lonnie,Grade D - Good Condition,Grade A - Acceptable Condition,White,
Tatiania,Charissa,Grade D - Good Condition,Grade B - Acceptable Condition,White,
Hope,Nicoli,Grade D - Good Condition,Grade B - Acceptable Condition,White,
Chickie,Demetris,Grade A - Good Condition,"Not Applicable,",White,unlocked
Dulcinea,Ariela,Grade B - Good Condition,,White,
Hannis,Kathy,Grade C - Good Condition,Grade B - Acceptable Condition,Blue,
Lila,Chickie,Grade D - Good Condition,"Not Applicable,",Black,unlocked
Fawne,Ayn,Grade C - Good Condition,"Not Applicable,",White,locked
Daune,Alia,Grade C - Good Condition,Grade C - Acceptable Condition,Black,
Annecorinne,Ermengarde,Grade D - Good Condition,Grade B - Acceptable Condition,White,locked
Renie,Lila,Grade C - Good Condition,,Blue,unlocked
Caryl,Felice,Grade D - Good Condition,Grade C - Acceptable Condition,Black,locked
Joeann,Carolina,Grade A - Good Condition,Grade C - Acceptable Condition,Black,unlocked
Marjie,Deedee,Grade D - Good Condition,,Black,
Arlena,Ofilia,Grade A - Good Condition,Grade A - Acceptable Condition,Black,unlocked
Johna,Nyssa,Grade A - Good Condition,Grade C - Acceptable Condition,Blue,
Ermengarde,Caressa,Grade C - Good Condition,,Black,locked
Heida,Vevay,Grade C - Good Condition,Grade B - Acceptable Condition,Black,locked
Ermengarde,Raina,Grade C - Good Condition,"Not Applicable,",White,
Alexine,Fidelia,Grade C - Good Condition,Grade B - Acceptable Condition,Blue,unlocked
Flo,Judy,Grade C - Good Condition,,Blue,locked
Tressa,Deedee,Grade C - Good Condition,Grade C - Acceptable Condition,Black,locked
Alleen,Augustine,Grade C - Good Condition,"Not Applicable,",White,unlocked
Tilly,Celestyna,Grade D - Good Condition,Grade B - Acceptable Condition,Black,locked
Ericka,Perry,Grade C - Good Condition,"Not Applicable,",Black,unlocked
Robbi,Ezmeralda,Grade B - Good Condition,Grade C - Acceptable Condition,Black,unlocked
Damaris,Marinna,Grade D - Good Condition,"Not Applicable,",Black,
Gabi,Kathy,Grade C - Good Condition,Grade B - Acceptable Condition,Black,unlocked
Ada,Elsie,Grade B - Good Condition,Grade A - Acceptable Condition,Blue,unlocked
Janenna,Corene,Grade D - Good Condition,"Not Applicable,",Blue,unlocked
Monika,Hollie,Grade B - Good Condition,Grade A - Acceptable Condition,Blue,locked
Raquela,Micheline,Grade C - Good Condition,Grade B - Acceptable Condition,White,locked
Fayre,Mahalia,Grade A - Good Condition,Grade C - Acceptable Condition,Black,
Micheline,Juliane,Grade A - Good Condition,Grade C - Acceptable Condition,White,locked
Cristabel,Teriann,Grade C - Good Condition,,White,
Kalina,Annice,Grade C - Good Condition,Grade C - Acceptable Condition,Black,locked
Nyssa,Modestia,Grade B - Good Condition,Grade B - Acceptable Condition,Blue,locked
Nannie,Ottilie,Grade A - Good Condition,Grade C - Acceptable Condition,Black,locked
Allyce,Caressa,Grade C - Good Condition,,Black,
Addia,Nanete,Grade C - Good Condition,"Not Applicable,",Blue,
Inga,Elyssa,Grade A - Good Condition,Grade A - Acceptable Condition,White,unlocked
Kial,Lulita,Grade B - Good Condition,Grade C - Acceptable Condition,Blue,locked
Ashlee,Brooks,Grade D - Good Condition,"Not Applicable,",Blue,locked
Mahalia,Roz,Grade B - Good Condition,Grade B - Acceptable Condition,Black,unlocked
Britni,Rosaline,Grade B - Good Condition,Grade B - Acceptable Condition,Blue,
Briney,Rani,Grade C - Good Condition,,Blue,
Dorthy,Edyth,Grade B - Good Condition,Grade A - Acceptable Condition,Black,
Kara-Lynn,Noelle,Grade D - Good Condition,Grade C - Acceptable Condition,Blue,locked
Nessie,Larine,Grade D - Good Condition,"Not Applicable,",Blue,unlocked
Moyna,Lenna,Grade B - Good Condition,Grade A - Acceptable Condition,Blue,unlocked
Yvonne,Berget,Grade C - Good Condition,"Not Applicable,",Blue,locked
Dulce,Ira,Grade D - Good Condition,Grade B - Acceptable Condition,White,locked
Tabbatha,Zaria,Grade D - Good Condition,"Not Applicable,",White,
Giustina,Linet,Grade C - Good Condition,"Not Applicable,",White,locked
Jenda,Paule,Grade B - Good Condition,Grade A - Acceptable Condition,White,unlocked
Dulce,Yolane,Grade C - Good Condition,Grade B - Acceptable Condition,Black,
Kelly,Damaris,Grade B - Good Condition,Grade C - Acceptable Condition,Black,unlocked
Kamilah,Halette,Grade A - Good Condition,Grade C - Acceptable Condition,White,unlocked
Fawne,Liana,Grade D - Good Condition,Grade C - Acceptable Condition,White,
Renae,Brietta,Grade A - Good Condition,Grade C - Acceptable Condition,Blue,unlocked
Blake,Wileen,Grade B - Good Condition,,White,
Tina,Mara,Grade D - Good Condition,Grade C - Acceptable Condition,White,
Orelia,Malina,Grade B - Good Condition,"Not Applicable,",White,locked
Roz,Cathie,Grade A - Good Condition,,Blue,locked
Courtnay,Sherrie,Grade A - Good Condition,Grade B - Acceptable Condition,Black,locked
Bobbi,Louella,Grade A - Good Condition,"Not Applicable,",Black,locked
Lulita,Cindelyn,Grade C - Good Condition,Grade C - Acceptable Condition,Black,
Barbi,Marylou,Grade B - Good Condition,,Blue,unlocked
Evaleen,Millie,Grade C - Good Condition,Grade C - Acceptable Condition,White,unlocked
Lynnea,Marline,Grade A - Good Condition,Grade A - Acceptable Condition,White,unlocked
Benita,Daryl,Grade D - Good Condition,Grade A - Acceptable Condition,Black,unlocked
Norine,Jackie,Grade B - Good Condition,Grade C - Acceptable Condition,Black,
Ana,Leontine,Grade A - Good Condition,Grade B - Acceptable Condition,Black,locked
Jerry,Zsa Zsa,Grade B - Good Condition,Grade B - Acceptable Condition,Black,unlocked
Aurore,Ileana,Grade D - Good Condition,Grade B - Acceptable Condition,Black,unlocked
Malina,Penelopa,Grade A - Good Condition,Grade C - Acceptable Condition,White,locked
Elbertina,Codie,Grade C - Good Condition,Grade C - Acceptable Condition,White,
Dorothy,Lily,Grade A - Good Condition,Grade A - Acceptable Condition,White,locked
Yolane,Tarra,Grade A - Good Condition,Grade B - Acceptable Condition,Black,unlocked
Maisey,Harrietta,Grade A - Good Condition,"Not Applicable,",Black,unlocked
Ericka,Helsa,Grade D - Good Condition,"Not Applicable,",Black,locked
Drucie,Flo,Grade D - Good Condition,Grade A - Acceptable Condition,Blue,
Darci,Alyssa,Grade D - Good Condition,Grade C - Acceptable Condition,Black,unlocked
Korrie,Sashenka,Grade C - Good Condition,,Black,unlocked
Annice,Janeczka,Grade D - Good Condition,Grade C - Acceptable Condition,Black,locked
Esmeralda,Annaliese,Grade B - Good Condition,"Not Applicable,",Blue,
Annora,Cristabel,Grade A - Good Condition,Grade C - Acceptable Condition,White,locked
Rhea,Dale,Grade D - Good Condition,,White,unlocked
Brooks,Doralynne,Grade A - Good Condition,Grade B - Acceptable Condition,Black,locked
Pearline,Pearline,Grade C - Good Condition,Grade C - Acceptable Condition,Black,
Beverley,Edith,Grade C - Good Condition,Grade C - Acceptable Condition,Black,unlocked
Calla,Evaleen,Grade B - Good Condition,Grade A - Acceptable Condition,Blue,
Carree,Hildegaard,Grade D - Good Condition,Grade C - Acceptable Condition,White,unlocked
Cathyleen,Rebeca,Grade D - Good Condition,Grade B - Acceptable Condition,White,locked
Britte,Mellicent,Grade D - Good Condition,Grade C - Acceptable Condition,White,
Sallie,Gusty,Grade D - Good Condition,Grade A - Acceptable Condition,White,locked
Gwyneth,Nadine,Grade D - Good Condition,Grade B - Acceptable Condition,Black,unlocked
Jenda,Dominga,Grade B - Good Condition,,White,unlocked
Sophia,Elfreda,Grade B - Good Condition,,Blue,locked
Audrie,Shannah,Grade D - Good Condition,Grade A - Acceptable Condition,White,locked
Sam,Gui,Grade C - Good Condition,Grade A - Acceptable Condition,Black,locked
Carmencita,Marika,Grade A - Good Condition,Grade B - Acceptable Condition,Blue,locked
Ethel,Rayna,Grade B - Good Condition,Grade B - Acceptable Condition,Black,
Cacilie,Amelia,Grade D - Good Condition,,Black,
Genovera,Glynnis,Grade C - Good Condition,Grade C - Acceptable Condition,Blue,
Selia,Dominga,Grade A - Good Condition,Grade B - Acceptable Condition,White,locked
Di,Gusty,Grade D - Good Condition,Grade A - Acceptable Condition,White,
Elyssa,Elora,Grade D - Good Condition,Grade C - Acceptable Condition,White,unlocked
Binny,Jeanna,Grade C - Good Condition,"Not Applicable,",Blue,locked
Audrie,Helena,Grade B - Good Condition,"Not Applicable,",White,locked
Cam,Averyl,Grade B - Good Condition,"Not Applicable,",Black,unlocked
Gretal,Nikki,Grade D - Good Condition,"Not Applicable,",White,unlocked
Halette,Almeta,Grade B - Good Condition,"Not Applicable,",Black,
Robinia,Fredericka,Grade B - Good Condition,"Not Applicable,",Blue,
Melina,Daphne,Grade C - Good Condition,"Not Applicable,",Blue,locked
Tabbatha,Adriana,Grade A - Good Condition,,Blue,unlocked
Mariann,Modestia,Grade A - Good Condition,"Not Applicable,",Black,locked
Tori,Estell,Grade D - Good Condition,"Not Applicable,",Blue,locked
Rhoda,Caressa,Grade C - Good Condition,Grade C - Acceptable Condition,Black,unlocked
Merci,Kenna,Grade C - Good Condition,Grade A - Acceptable Condition,White,
Yolane,Gwenneth,Grade D - Good Condition,"Not Applicable,",White,unlocked
Corina,Lulita,Grade B - Good Condition,Grade C - Acceptable Condition,White,unlocked
Margalo,Starla,Grade C - Good Condition,"Not Applicable,",Black,unlocked
Dode,Kristina,Grade A - Good Condition,"Not Applicable,",Blue,unlocked
Jennica,Ardeen,Grade C - Good Condition,Grade B - Acceptable Condition,Blue,
Catharine,Julieta,Grade C - Good Condition,,White,locked
Sean,Karena,Grade D - Good Condition,Grade C - Acceptable Condition,Black,locked
Dione,Ileana,Grade D - Good Condition,Grade B - Acceptable Condition,Blue,locked
Amii,Betta,Grade B - Good Condition,Grade B - Acceptable Condition,Blue,
Constance,Katharina,Grade C - Good Condition,Grade B - Acceptable Condition,White,locked
Kara-Lynn,Deloria,Grade D - Good Condition,"Not Applicable,",Black,unlocked
Gratia,Perry,Grade A - Good Condition,Grade C - Acceptable Condition,White,locked
Cordi,Ebonee,Grade C - Good Condition,Grade A - Acceptable Condition,Blue,locked
Vanessa,Vanessa,Grade B - Good Condition,Grade B - Acceptable Condition,Blue,unlocked
Wynne,June,Grade D - Good Condition,"Not Applicable,",White,
Dorthy,Gisela,Grade B - Good Condition,,Black,locked
Reeba,Bernie,Grade D - Good Condition,"Not Applicable,",Blue,locked
Rozele,Hermione,Grade C - Good Condition,Grade B - Acceptable Condition,Blue,
Louella,Livvyy,Grade D - Good Condition,Grade B - Acceptable Condition,White,locked
Bernardine,Reeba,Grade C - Good Condition,,White,
Ardenia,Dagmar,Grade C - Good Condition,Grade C - Acceptable Condition,Black,locked
Alejandra,Asia,Grade D - Good Condition,Grade A - Acceptable Condition,White,unlocked
Dulcinea,Jacenta,Grade D - Good Condition,"Not Applicable,",White,unlocked
Cathie,Bernardine,Grade C - Good Condition,,Blue,
Emelina,Mara,Grade B - Good Condition,,White,unlocked
Lanna,Jennica,Grade B - Good Condition,Grade B - Acceptable Condition,Black,unlocked
Rivalee,Aigneis,Grade C - Good Condition,Grade B - Acceptable Condition,Blue,
Nerta,Abbie,Grade D - Good Condition,Grade C - Acceptable Condition,Black,
Lindie,Maud,Grade C - Good Condition,Grade A - Acceptable Condition,White,locked
Theodora,Verla,Grade B - Good Condition,,Blue,
Leeanne,Melina,Grade C - Good Condition,Grade C - Acceptable Condition,Blue,locked
Orsola,Ada,Grade D - Good Condition,Grade A - Acceptable Condition,Blue,unlocked
Phedra,Adelle,Grade D - Good Condition,Grade A - Acceptable Condition,Blue,unlocked
Micheline,Mady,Grade C - Good Condition,,White,locked
Selia,Moyna,Grade A - Good Condition,,White,
Nyssa,Fidelia,Grade C - Good Condition,Grade C - Acceptable Condition,Black,
Orsola,Ardeen,Grade D - Good Condition,"Not Applicable,",Blue,locked
Carree,Celene,Grade A - Good Condition,,Black,locked
Lanna,Gretal,Grade B - Good Condition,,Black,locked
Henriette,Odessa,Grade C - Good Condition,Grade C - Acceptable Condition,Black,unlocked
Brianna,Betta,Grade D - Good Condition,,Black,
Allyce,Aigneis,Grade C - Good Condition,Grade B - Acceptable Condition,Blue,locked
Karina,Madalyn,Grade C - Good Condition,Grade B - Acceptable Condition,Blue,
Harmonia,Fernande,Grade C - Good Condition,,Blue,
Rani,Regina,Grade C - Good Condition,,White,unlocked
Genevra,Emmey,Grade B - Good Condition,Grade C - Acceptable Condition,Black,
Nessie,Sherrie,Grade D - Good Condition,Grade C - Acceptable Condition,Blue,
Corene,Molli,Grade A - Good Condition,"Not Applicable,",Black,
Nadine,Mamie,Grade D - Good Condition,"Not Applicable,",Black,locked
Meriel,Dolli,Grade B - Good Condition,Grade B - Acceptable Condition,Black,locked
Caryl,Justinn,Grade D - Good Condition,Grade B - Acceptable Condition,White,locked
Arlina,Libbie,Grade C - Good Condition,Grade C - Acceptable Condition,Blue,
Juliane,Blondelle,Grade D - Good Condition,,Blue,
Trudie,Ivett,Grade A - Good Condition,Grade A - Acceptable Condition,Blue,locked
Nadine,Corene,Grade A - Good Condition,,White,locked
Darlleen,Hermione,Grade D - Good Condition,"Not Applicable,",Black,
Delilah,Ruthe,Grade B - Good Condition,"Not Applicable,",Blue,locked
Ericka,Catrina,Grade D - Good Condition,"Not Applicable,",White,
Sue,Ebonee,Grade C - Good Condition,Grade C - Acceptable Condition,White,unlocked
Wynne,Elyssa,Grade D - Good Condition,"Not Applicable,",White,locked
Shel,Dominga,Grade C - Good Condition,"Not Applicable,",Blue,unlocked
Laure,Meriel,Grade D - Good Condition,Grade C - Acceptable Condition,White,locked
Allyce,Kore,Grade C - Good Condition,Grade C - Acceptable Condition,Black,unlocked
Chere,Frances,Grade A - Good Condition,Grade C - Acceptable Condition,Blue,
Sharlene,Shauna,Grade A - Good Condition,,Black,locked
Josephine,Starla,Grade B - Good Condition,Grade A - Acceptable Condition,White,locked
Stephanie,Frank,Grade D - Good Condition,Grade C - Acceptable Condition,Black,unlocked
Zondra,Sheelagh,Grade C - Good Condition,Grade C - Acceptable Condition,White,
Annora,Evaleen,Grade C - Good Condition,Grade B - Acceptable Condition,Black,
Sissy,Vevay,Grade C - Good Condition,"Not Applicable,",Blue,
Heddie,Lesly,Grade C - Good Condition,"Not Applicable,",White,locked
Melina,Bernie,Grade A - Good Condition,"Not Applicable,",White,unlocked
Kenna,Chastity,Grade A - Good Condition,"Not Applicable,",Black,locked
Ursulina,Cam,Grade A - Good Condition,Grade B - Acceptable Condition,Blue,unlocked
Sallie,Jillayne,Grade D - Good Condition,Grade A - Acceptable Condition,Black,
Vevay,Lizzie,Grade C - Good Condition,Grade B - Acceptable Condition,Black,
Carol-Jean,Joceline,Grade C - Good Condition,Grade A - Acceptable Condition,Blue,unlocked
Emmey,Oralee,Grade D - Good Condition,"Not Applicable,",Blue,unlocked
Cristine,Annice,Grade D - Good Condition,,White,unlocked
Candy,Nicoli,Grade A - Good Condition,"Not Applicable,",White,
Audrie,Basia,Grade A - Good Condition,"Not Applicable,",White,locked
Farrah,Philis,Grade B - Good Condition,Grade C - Acceptable Condition,Blue,locked
Barbi,Tobe,Grade A - Good Condition,Grade B - Acceptable Condition,Black,locked
Madeleine,Renie,Grade A - Good Condition,,Black,locked
Bee,Anallese,Grade D - Good Condition,"Not Applicable,",Blue,unlocked
Margette,Celene,Grade B - Good Condition,Grade C - Acceptable Condition,Blue,locked
Joleen,Glynnis,Grade D - Good Condition,Grade C - Acceptable Condition,Black,
Courtnay,Karina,Grade A - Good Condition,Grade A - Acceptable Condition,Blue,unlocked
Amalie,Odessa,Grade C - Good Condition,Grade A - Acceptable Condition,Black,
Ulrike,Rochette,Grade D - Good Condition,Grade B - Acceptable Condition,White,locked
Ernesta,Alex,Grade B - Good Condition,,Blue,
Elyssa,Tiffie,Grade B - Good Condition,Grade A - Acceptable Condition,Blue,
Selia,Courtnay,Grade C - Good Condition,Grade C - Acceptable Condition,White,
Helsa,Bettine,Grade C - Good Condition,"Not Applicable,",Black,locked
Michaelina,Phylis,Grade A - Good Condition,"Not Applicable,",Blue,
Valeda,Renae,Grade D - Good Condition,Grade A - Acceptable Condition,Blue,
Netty,Fanny,Grade B - Good Condition,"Not Applicable,",White,unlocked
Mireielle,Alejandra,Grade B - Good Condition,,Blue,locked
Wileen,Stacey,Grade D - Good Condition,Grade A - Acceptable Condition,Black,unlocked
Annice,Sara-Ann,Grade D - Good Condition,Grade B - Acceptable Condition,White,unlocked
Ashlee,Maryellen,Grade D - Good Condition,Grade A - Acceptable Condition,Black,unlocked
Britni,Bibby,Grade B - Good Condition,"Not Applicable,",Blue,locked
Sindee,Carlie,Grade B - Good Condition,,White,unlocked
Dominga,Basia,Grade A - Good Condition,Grade B - Acceptable Condition,Black,locked
Florie,Verla,Grade A - Good Condition,Grade A - Acceptable Condition,White,
Coral,Hope,Grade A - Good Condition,Grade C - Acceptable Condition,Black,unlocked
June,Donetta,Grade C - Good Condition,"Not Applicable,",Black,locked
Halette,Madelle,Grade C - Good Condition,Grade A - Acceptable Condition,White,locked
Lita,Kaia,Grade C - Good Condition,Grade C - Acceptable Condition,White,locked
Sue,Ebonee,Grade C - Good Condition,"Not Applicable,",Black,
Charlena,Shaine,Grade D - Good Condition,Grade A - Acceptable Condition,White,unlocked
Consuela,Lily,Grade A - Good Condition,Grade B - Acceptable Condition,Blue,
Brana,Mary,Grade A - Good Condition,Grade B - Acceptable Condition,White,locked
Fred,Gabriellia,Grade C - Good Condition,,Blue,locked
Giustina,Sidoney,Grade A - Good Condition,Grade A - Acceptable Condition,Blue,
Frances,Jerry,Grade C - Good Condition,Grade C - Acceptable Condition,Black,locked
Dorthy,Alia,Grade A - Good Condition,Grade C - Acceptable Condition,Blue,unlocked
Kylynn,Jackie,Grade B - Good Condition,Grade B - Acceptable Condition,White,unlocked
Roxane,Tori,Grade D - Good Condition,"Not Applicable,",Blue,locked
Codie,Tamqrah,Grade C - Good Condition,Grade C - Acceptable Condition,Black,unlocked
Margalo,Imojean,Grade C - Good Condition,Grade B - Acceptable Condition,Black,locked
Arlina,Eolanda,Grade C - Good Condition,Grade B - Acceptable Condition,White,
Sarette,Aryn,Grade B - Good Condition,,White,locked
Desirae,Joelly,Grade B - Good Condition,Grade A - Acceptable Condition,White,
Lynnea,Steffane,Grade A - Good Condition,Grade B - Acceptable Condition,Blue,
Kamilah,Amelia,Grade B - Good Condition,Grade A - Acceptable Condition,Blue,locked
Vita,Tabbatha,Grade B - Good Condition,Grade B - Acceptable Condition,White,unlocked
Althea,Eolanda,Grade B - Good Condition,Grade A - Acceptable Condition,Black,
Tabbatha,Joeann,Grade D - Good Condition,Grade B - Acceptable Condition,Blue,unlocked
Elmira,Jenilee,Grade C - Good Condition,Grade A - Acceptable Condition,White,
Alyssa,Darlleen,Grade D - Good Condition,Grade B - Acceptable Condition,Black,unlocked
Lorne,Vinita,Grade C - Good Condition,"Not Applicable,",Blue,locked
Valli,Pollyanna,Grade A - Good Condition,Grade C - Acceptable Condition,White,unlocked
Tybie,Hollie,Grade A - Good Condition,Grade C - Acceptable Condition,Blue,
Adore,Kelly,Grade D - Good Condition,Grade C - Acceptable Condition,Black,locked
Vivia,Deane,Grade D - Good Condition,"Not Applicable,",Black,
Evaleen,Dianemarie,Grade D - Good Condition,"Not Applicable,",Blue,locked
Merci,Lexine,Grade A - Good Condition,"Not Applicable,",Blue,
Estell,Jackie,Grade B - Good Condition,Grade B - Acceptable Condition,Blue,locked
Norine,Dorene,Grade A - Good Condition,,Black,unlocked
Kimmy,Merle,Grade C - Good Condition,Grade A - Acceptable Condition,Black,locked
Vita,Halette,Grade B - Good Condition,Grade A - Acceptable Condition,Black,unlocked
Estell,Quintina,Grade A - Good Condition,Grade C - Acceptable Condition,White,locked
Nannie,Ethel,Grade C - Good Condition,"Not Applicable,",Blue,locked
June,Lilith,Grade C - Good Condition,Grade C - Acceptable Condition,White,
Constance,Theodora,Grade D - Good Condition,Grade C - Acceptable Condition,Blue,unlocked
Marylou,Shandie,Grade B - Good Condition,,Blue,
Sheelagh,Ulrike,Grade B - Good Condition,"Not Applicable,",Blue,unlocked
Rosabelle,Mahalia,Grade A - Good Condition,"Not Applicable,",White,locked
Addia,Corly,Grade B - Good Condition,,Blue,
Shaylyn,Vere,Grade D - Good Condition,Grade A - Acceptable Condition,Blue,locked
Mamie,Silvana,Grade D - Good Condition,,Blue,locked
Anallese,Valli,Grade A - Good Condition,Grade C - Acceptable Condition,White,
Farrah,Netty,Grade B - Good Condition,Grade A - Acceptable Condition,Blue,unlocked
Shell,Sophia,Grade A - Good Condition,,White,unlocked
Collen,Claudina,Grade B - Good Condition,Grade A - Acceptable Condition,Black,locked
Nanete,Asia,Grade A - Good Condition,Grade A - Acceptable Condition,White,unlocked
Wileen,Codie,Grade A - Good Condition,,White,locked
Andree,Abbie,Grade B - Good Condition,Grade B - Acceptable Condition,Black,locked
Jasmina,Roslyn,Grade D - Good Condition,,White,locked
Elfreda,Merci,Grade A - Good Condition,,Black,
Livvyy,Dari,Grade B - Good Condition,Grade B - Acceptable Condition,Black,locked
Ricky,Ileana,Grade D - Good Condition,,White,
Susan,Candi,Grade C - Good Condition,Grade B - Acceptable Condition,White,
Gloria,Willetta,Grade D - Good Condition,Grade A - Acceptable Condition,White,
Jaime,Oona,Grade B - Good Condition,Grade A - Acceptable Condition,White,locked
Clary,Gretal,Grade A - Good Condition,,Blue,
Emmey,Melodie,Grade B - Good Condition,"Not Applicable,",White,locked
Doralynne,Lulita,Grade D - Good Condition,"Not Applicable,",Black,unlocked
Katleen,Merci,Grade D - Good Condition,,Black,unlocked
Sean,Tobe,Grade D - Good Condition,Grade C - Acceptable Condition,Black,unlocked
Ulrike,Paule,Grade B - Good Condition,Grade B - Acceptable Condition,Blue,
Margalo,Dacia,Grade A - Good Condition,,Black,
Josephine,Corene,Grade B - Good Condition,Grade C - Acceptable Condition,White,unlocked
Kellen,Esmeralda,Grade A - Good Condition,Grade A - Acceptable Condition,Black,unlocked
Maurene,Dulce,Grade D - Good Condition,"Not Applicable,",White,unlocked
Anthia,Caritta,Grade A - Good Condition,"Not Applicable,",Black,locked
Ginnie,Genovera,Grade A - Good Condition,Grade A - Acceptable Condition,Blue,unlocked
Modestia,Juliane,Grade A - Good Condition,"Not Applicable,",Blue,
Paule,Kial,Grade D - Good Condition,"Not Applicable,",White,locked
Kalina,Isa,Grade B - Good Condition,"Not Applicable,",Blue,unlocked
Hildegaard,Giustina,Grade B - Good Condition,Grade C - Acceptable Condition,White,unlocked
Chloris,Bibby,Grade A - Good Condition,Grade C - Acceptable Condition,White,locked
Beverley,Anestassia,Grade C - Good Condition,Grade A - Acceptable Condition,White,locked
Minne,Candi,Grade D - Good Condition,Grade B - Acceptable Condition,Blue,
Kellen,Julieta,Grade D - Good Condition,Grade C - Acceptable Condition,White,
Nataline,Isa,Grade A - Good Condition,Grade A - Acceptable Condition,White,
Thalia,Heddie,Grade B - Good Condition,Grade C - Acceptable Condition,White,
Aimil,Wynne,Grade D - Good Condition,Grade A - Acceptable Condition,Black,
Gisela,Fayre,Grade B - Good Condition,Grade B - Acceptable Condition,Black,unlocked
Hermione,Britni,Grade D - Good Condition,Grade C - Acceptable Condition,Black,locked
Candy,Berget,Grade D - Good Condition,"Not Applicable,",Blue,unlocked
Dolli,Fidelia,Grade C - Good Condition,Grade A - Acceptable Condition,Black,locked
Desirae,Madelle,Grade C - Good Condition,Grade A - Acceptable Condition,White,
Kore,Lorie,Grade D - Good Condition,"Not Applicable,",White,
Basia,Brooks,Grade D - Good Condition,Grade B - Acceptable Condition,White,locked
Althea,Petronia,Grade A - Good Condition,Grade B - Acceptable Condition,White,
Corene,Rivalee,Grade B - Good Condition,Grade B - Acceptable Condition,Black,
Blake,Barbi,Grade C - Good Condition,Grade C - Acceptable Condition,Black,unlocked
Hyacinthe,Basia,Grade D - Good Condition,"Not Applicable,",Blue,
Ardenia,Chandra,Grade C - Good Condition,Grade B - Acceptable Condition,White,locked
Hildegaard,Amelia,Grade B - Good Condition,Grade C - Acceptable Condition,Black,
Anestassia,Anallese,Grade D - Good Condition,,White,locked
Maryellen,Annice,Grade B - Good Condition,Grade C - Acceptable Condition,Blue,unlocked
Antonietta,Kate,Grade D - Good Condition,Grade C - Acceptable Condition,Blue,locked
Elvira,Alameda,Grade C - Good Condition,Grade C - Acceptable Condition,Black,unlocked
Jeanna,Melodie,Grade A - Good Condition,,Black,unlocked
Giustina,Lonnie,Grade A - Good Condition,,White,unlocked
Starla,Lorenza,Grade A - Good Condition,Grade A - Acceptable Condition,White,locked
Etta,Aurelie,Grade D - Good Condition,"Not Applicable,",White,locked
Kayla,Norine,Grade D - Good Condition,Grade C - Acceptable Condition,Blue,
Ericka,Jerry,Grade A - Good Condition,Grade B - Acceptable Condition,Blue,locked
Joleen,Modestia,Grade D - Good Condition,Grade A - Acceptable Condition,Black,unlocked
Kristina,Grier,Grade D - Good Condition,,Black,locked
Lauryn,Randa,Grade A - Good Condition,,White,
Josephine,Adelle,Grade B - Good Condition,"Not Applicable,",White,unlocked
Cordi,Helena,Grade A - Good Condition,"Not Applicable,",Blue,unlocked
Stephanie,Robinia,Grade B - Good Condition,"Not Applicable,",White,
Nikki,Rori,Grade C - Good Condition,"Not Applicable,",Black,
Lizzie,Kara-Lynn,Grade C - Good Condition,Grade A - Acceptable Condition,Blue,
Louella,Renae,Grade C - Good Condition,"Not Applicable,",Black,unlocked
Devina,Frances,Grade A - Good Condition,Grade C - Acceptable Condition,White,locked
Ilse,Bee,Grade D - Good Condition,Grade A - Acceptable Condition,Black,locked
Augustine,Tina,Grade A - Good Condition,Grade C - Acceptable Condition,Black,
Ardenia,Livvyy,Grade A - Good Condition,Grade B - Acceptable Condition,Black,unlocked
Briney,Genevra,Grade C - Good Condition,"Not Applicable,",Black,locked
Dania,Blinni,Grade C - Good Condition,,Black,unlocked
Renie,Roberta,Grade B - Good Condition,Grade B - Acceptable Condition,White,locked
Liana,Ashlee,Grade A - Good Condition,,Black,
Roslyn,Kial,Grade A - Good Condition,"Not Applicable,",Blue,
Aryn,Stephanie,Grade A - Good Condition,Grade A - Acceptable Condition,White,unlocked
Charlena,Celene,Grade C - Good Condition,Grade B - Acceptable Condition,Black,unlocked
Farrah,Tamqrah,Grade A - Good Condition,"Not Applicable,",Blue,locked
Marcelline,Paule,Grade A - Good Condition,Grade C - Acceptable Condition,White,locked
Stevana,Raina,Grade D - Good Condition,,Black,locked
Ardys,Karina,Grade D - Good Condition,"Not Applicable,",Blue,
Henriette,Lita,Grade D - Good Condition,"Not Applicable,",White,locked
Valli,Aeriela,Grade D - Good Condition,Grade C - Acceptable Condition,White,
Leona,Tobe,Grade A - Good Condition,Grade B - Acceptable Condition,Black,locked
Hollie,Jinny,Grade A - Good Condition,Grade B - Acceptable Condition,Blue,locked
Lacie,Ginnie,Grade A - Good Condition,,White,unlocked
Dagmar,Di,Grade B - Good Condition,"Not Applicable,",Black,locked
Claresta,Zsa Zsa,Grade D - Good Condition,"Not Applicable,",Black,
Dione,Jasmina,Grade A - Good Condition,Grade B - Acceptable Condition,Black,locked
Penelopa,Sandie,Grade B - Good Condition,Grade B - Acceptable Condition,White,
Myriam,Maud,Grade B - Good Condition,"Not Applicable,",Blue,
Arlena,Shaylyn,Grade D - Good Condition,Grade B - Acceptable Condition,White,
Maurene,Livvyy,Grade C - Good Condition,Grade B - Acceptable Condition,Blue,unlocked
Ricky,Donnie,Grade C - Good Condition,,White,unlocked
Agathe,Jacenta,Grade D - Good Condition,"Not Applicable,",Black,
Mariele,Shannah,Grade A - Good Condition,,Blue,locked
Brandise,Katleen,Grade B - Good Condition,Grade B - Acceptable Condition,Black,
Cyndie,Cherrita,Grade B - Good Condition,Grade B - Acceptable Condition,White,
Karolina,Dale,Grade B - Good Condition,"Not Applicable,",Blue,
Kimberley,Janeczka,Grade C - Good Condition,Grade A - Acceptable Condition,Blue,unlocked
Rubie,Neila,Grade B - Good Condition,Grade A - Acceptable Condition,White,
Jany,Marcy,Grade A - Good Condition,"Not Applicable,",Blue,
Corina,Addia,Grade D - Good Condition,Grade C - Acceptable Condition,Blue,locked
Fanny,Viviene,Grade C - Good Condition,Grade A - Acceptable Condition,Black,locked
Gabriellia,Corly,Grade A - Good Condition,Grade B - Acceptable Condition,White,unlocked
Isa,Kylynn,Grade A - Good Condition,,White,
Mellicent,Genovera,Grade A - Good Condition,Grade C - Acceptable Condition,Blue,locked
Claudina,Hallie,Grade B - Good Condition,,Blue,
Nariko,Tina,Grade B - Good Condition,Grade B - Acceptable Condition,Blue,unlocked
Elfreda,Xylina,Grade C - Good Condition,"Not Applicable,",White,
Lynea,Rochette,Grade A - Good Condition,Grade C - Acceptable Condition,Blue,
Fina,Gerianna,Grade A - Good Condition,Grade A - Acceptable Condition,White,
Kelly,Hallie,Grade B - Good Condition,Grade C - Acceptable Condition,Blue,locked
Fred,Teriann,Grade B - Good Condition,Grade C - Acceptable Condition,Blue,
Krystle,Andeee,Grade A - Good Condition,,Black,locked
Elka,Melisent,Grade A - Good Condition,Grade C - Acceptable Condition,White,unlocked
Elena,Alyssa,Grade B - Good Condition,Grade B - Acceptable Condition,White,locked
Kylynn,Jean,Grade C - Good Condition,Grade B - Acceptable Condition,White,unlocked
Lelah,Nelle,Grade A - Good Condition,,Black,unlocked
Asia,Mureil,Grade B - Good Condition,,White,unlocked
Leia,Janeczka,Grade B - Good Condition,,Black,
Cathyleen,Aigneis,Grade C - Good Condition,Grade B - Acceptable Condition,Black,locked
Berget,Halette,Grade B - Good Condition,Grade C - Acceptable Condition,Black,
Devina,Dawn,Grade B - Good Condition,,Blue,locked
Rayna,Dacia,Grade A - Good Condition,,Blue,unlocked
Deirdre,Jemie,Grade C - Good Condition,,White,unlocked
Emelina,Valera,Grade B - Good Condition,Grade A - Acceptable Condition,Black,locked
Christian,Minne,Grade B - Good Condition,Grade A - Acceptable Condition,White,locked
Tracey,Marita,Grade A - Good Condition,,Blue,
Emmey,Bernie,Grade A - Good Condition,"Not Applicable,",Blue,unlocked
Rhoda,Karolina,Grade C - Good Condition,Grade B - Acceptable Condition,Blue,
Delilah,Doralynne,Grade A - Good Condition,Grade B - Acceptable Condition,Blue,
Siana,Jennica,Grade A - Good Condition,"Not Applicable,",Blue,unlocked
Marika,Marline,Grade B - Good Condition,"Not Applicable,",Black,unlocked
Perry,Briney,Grade C - Good Condition,"Not Applicable,",Blue,
Fanchon,Jessy,Grade C - Good Condition,"Not Applicable,",Blue,unlocked
Damaris,Rhea,Grade C - Good Condition,Grade B - Acceptable Condition,White,unlocked
Binny,Brandise,Grade D - Good Condition,Grade B - Acceptable Condition,Blue,
Arlina,Yolane,Grade A - Good Condition,Grade B - Acceptable Condition,White,
Lory,Kittie,Grade D - Good Condition,Grade B - Acceptable Condition,Black,locked
Eolanda,Mellicent,Grade D - Good Condition,Grade A - Acceptable Condition,Black,
Joane,Adelle,Grade D - Good Condition,"Not Applicable,",Blue,locked
Aubrie,Sharai,Grade B - Good Condition,Grade C - Acceptable Condition,White,
Hildegaard,Babita,Grade A - Good Condition,Grade A - Acceptable Condition,Blue,
Viki,Aurore,Grade A - Good Condition,"Not Applicable,",Blue,locked
Brooks,Katleen,Grade B - Good Condition,,White,
Brandise,Roz,Grade C - Good Condition,Grade A - Acceptable Condition,White,unlocked
Myriam,Wilma,Grade B - Good Condition,Grade A - Acceptable Condition,Blue,
Sallie,Keelia,Grade B - Good Condition,"Not Applicable,",Black,locked
Kellen,Shandie,Grade A - Good Condition,Grade B - Acceptable Condition,Black,locked
Yolane,Melanie,Grade A - Good Condition,Grade B - Acceptable Condition,White,unlocked
Jolyn,Yetty,Grade D - Good Condition,"Not Applicable,",Blue,locked
Gertrud,Charlena,Grade A - Good Condition,Grade A - Acceptable Condition,Black,
Marjie,Elmira,Grade B - Good Condition,,Blue,
Henriette,Beth,Grade A - Good Condition,Grade B - Acceptable Condition,Black,
Hallie,Harrietta,Grade C - Good Condition,Grade B - Acceptable Condition,White,locked
Thalia,Lucille,Grade B - Good Condition,Grade B - Acceptable Condition,White,locked
Elie,Valera,Grade C - Good Condition,Grade C - Acceptable Condition,Blue,unlocked
Katleen,Sindee,Grade D - Good Condition,,White,
Imojean,Jaime,Grade B - Good Condition,Grade C - Acceptable Condition,Blue,
Gratia,Konstance,Grade B - Good Condition,,Black,locked
Leanna,Elmira,Grade D - Good Condition,Grade B - Acceptable Condition,Black,unlocked
Orelia,Dede,Grade B - Good Condition,Grade B - Acceptable Condition,White,unlocked
Kayla,Rori,Grade C - Good Condition,Grade A - Acceptable Condition,Blue,
Nollie,Merry,Grade B - Good Condition,Grade B - Acceptable Condition,Black,unlocked
Ebonee,Genevra,Grade D - Good Condition,,White,
Cathyleen,Emilia,Grade D - Good Condition,Grade B - Acceptable Condition,Blue,unlocked
Alyssa,Teddie,Grade C - Good Condition,"Not Applicable,",Black,locked
Tina,Nickie,Grade A - Good Condition,Grade B - Acceptable Condition,Black,
Rhea,Lenna,Grade C - Good Condition,Grade C - Acceptable Condition,Blue,
Kara-Lynn,Stacey,Grade D - Good Condition,Grade A - Acceptable Condition,Black,locked
Lila,Aubrie,Grade D - Good Condition,Grade B - Acceptable Condition,White,
Annora,Felice,Grade B - Good Condition,Grade C - Acceptable Condition,Blue,locked
Ezmeralda,Lila,Grade D - Good Condition,Grade A - Acceptable Condition,White,
Nita,Kristan,Grade A - Good Condition,Grade A - Acceptable Condition,Black,locked
Thalia,Silvana,Grade A - Good Condition,,White,unlocked
Pierette,Stacey,Grade A - Good Condition,,White,
Dede,Jennica,Grade B - Good Condition,Grade B - Acceptable Condition,Black,
Emylee,Rhea,Grade B - Good Condition,Grade C - Acceptable Condition,Black,unlocked
Teddie,Allyce,Grade D - Good Condition,,Blue,locked
Marika,Renie,Grade A - Good Condition,Grade B - Acceptable Condition,Blue,unlocked
Angelique,Goldie,Grade D - Good Condition,Grade C - Acceptable Condition,White,locked
Nikki,Hollie,Grade C - Good Condition,Grade A - Acceptable Condition,Black,
Marjie,Harmonia,Grade B - Good Condition,Grade B - Acceptable Condition,Blue,
Ninnetta,Blinni,Grade A - Good Condition,,White,
Gloria,Kerrin,Grade D - Good Condition,,Blue,
Brandise,Madalyn,Grade A - Good Condition,,Black,
Maud,Marsiella,Grade A - Good Condition,Grade B - Acceptable Condition,White,locked
Marjie,Jeanna,Grade D - Good Condition,"Not Applicable,",Black,locked
Camile,Ida,Grade B - Good Condition,Grade A - Acceptable Condition,Blue,locked
Dorene,Shell,Grade A - Good Condition,"Not Applicable,",Black,
Sam,Marita,Grade C - Good Condition,"Not Applicable,",Black,unlocked
Gwenneth,Shel,Grade B - Good Condition,Grade A - Acceptable Condition,Blue,unlocked
Rosene,Christal,Grade A - Good Condition,Grade B - Acceptable Condition,Blue,unlocked
Jacenta,Belva,Grade B - Good Condition,Grade B - Acceptable Condition,White,
Henriette,Celisse,Grade D - Good Condition,"Not Applicable,",Black,
Farrah,Viki,Grade A - Good Condition,Grade A - Acceptable Condition,Blue,locked
Dennie,Maisey,Grade A - Good Condition,Grade B - Acceptable Condition,White,locked
Zaria,Konstance,Grade B - Good Condition,Grade B - Acceptable Condition,Black,unlocked
Laurene,Lily,Grade D - Good Condition,Grade A - Acceptable Condition,White,
Gertrud,Donetta,Grade C - Good Condition,Grade C - Acceptable Condition,Black,unlocked
Amalie,Cassondra,Grade B - Good Condition,,White,unlocked
Isa,Caritta,Grade C - Good Condition,,White,locked
Karena,Vivia,Grade D - Good Condition,,Blue,unlocked
Pamella,Raf,Grade C - Good Condition,,White,unlocked
Lorne,Andeee,Grade C - Good Condition,,White,unlocked
Wilma,Janis,Grade D - Good Condition,Grade C - Acceptable Condition,White,
Cathie,Lenna,Grade B - Good Condition,,Black,
Lynnea,Karly,Grade B - Good Condition,Grade A - Acceptable Condition,White,unlocked
Max,Chrystel,Grade B - Good Condition,,White,locked
Pearline,Philis,Grade A - Good Condition,"Not Applicable,",Blue,unlocked
Dorothy,Tersina,Grade A - Good Condition,,Black,locked
Christal,Hettie,Grade B - Good Condition,Grade C - Acceptable Condition,Blue,locked
Nikki,Lory,Grade D - Good Condition,"Not Applicable,",Black,locked
Linet,Blondelle,Grade D - Good Condition,Grade B - Acceptable Condition,White,unlocked
Fredericka,Raina,Grade D - Good Condition,,Black,
Maurene,Emmey,Grade C - Good Condition,Grade A - Acceptable Condition,Black,unlocked
Tybie,Addia,Grade A - Good Condition,Grade A - Acceptable Condition,Black,locked
Genovera,Ileana,Grade B - Good Condition,,Black,
Sharlene,Joelly,Grade A - Good Condition,,Black,unlocked
Myriam,Kirbee,Grade D - Good Condition,Grade C - Acceptable Condition,Black,
Ardys,Emilia,Grade B - Good Condition,Grade A - Acceptable Condition,White,unlocked
Valera,Jacenta,Grade B - Good Condition,,Black,locked
Selma,Annaliese,Grade A - Good Condition,"Not Applicable,",Blue,locked
Charlena,Helena,Grade A - Good Condition,Grade C - Acceptable Condition,Black,unlocked
Krystle,Dotty,Grade A - Good Condition,Grade B - Acceptable Condition,White,
Codie,Vonny,Grade B - Good Condition,Grade C - Acceptable Condition,Blue,locked
Doralynne,Barbi,Grade A - Good Condition,"Not Applicable,",Black,locked
Jillayne,Kaia,Grade C - Good Condition,Grade A - Acceptable Condition,White,unlocked
Sam,Consuela,Grade B - Good Condition,Grade A - Acceptable Condition,Black,
Karly,Melanie,Grade C - Good Condition,Grade C - Acceptable Condition,Black,locked
Kore,Zsa Zsa,Grade A - Good Condition,,Blue,
Elka,Hallie,Grade D - Good Condition,Grade C - Acceptable Condition,Blue,unlocked
Shel,Yetty,Grade B - Good Condition,,Black,
Therine,Leia,Grade C - Good Condition,Grade C - Acceptable Condition,Blue,
Selia,Clo,Grade A - Good Condition,,Black,unlocked
Chandra,Lory,Grade A - Good Condition,Grade C - Acceptable Condition,Blue,unlocked
Cordi,Paule,Grade B - Good Condition,Grade B - Acceptable Condition,Black,
Concettina,Lanae,Grade B - Good Condition,Grade C - Acceptable Condition,White,unlocked
Emylee,Jerry,Grade A - Good Condition,,Blue,
Sibella,Lindie,Grade A - Good Condition,Grade A - Acceptable Condition,White,
Korrie,Harmonia,Grade D - Good Condition,Grade A - Acceptable Condition,Blue,
Chandra,Kary,Grade C - Good Condition,Grade B - Acceptable Condition,Blue,unlocked
Rochette,Gwyneth,Grade B - Good Condition,"Not Applicable,",White,
Elka,Jan,Grade B - Good Condition,Grade A - Acceptable Condition,White,
Johna,Misha,Grade C - Good Condition,Grade C - Acceptable Condition,Blue,
Nelle,Gabriellia,Grade A - Good Condition,Grade A - Acceptable Condition,Blue,unlocked
Bobinette,Lisette,Grade C - Good Condition,"Not Applicable,",Black,unlocked
Jinny,Mamie,Grade B - Good Condition,Grade B - Acceptable Condition,Black,locked
Coral,Ilse,Grade D - Good Condition,Grade C - Acceptable Condition,Blue,locked
Tori,Cordi,Grade C - Good Condition,"Not Applicable,",White,
Helena,Consuela,Grade D - Good Condition,,Blue,unlocked
Ottilie,Candy,Grade D - Good Condition,Grade B - Acceptable Condition,White,locked
Ruthe,Livvyy,Grade A - Good Condition,Grade A - Acceptable Condition,Black,unlocked
Bee,Christy,Grade C - Good Condition,Grade B - Acceptable Condition,Blue,
Gavrielle,Amalie,Grade D - Good Condition,Grade A - Acceptable Condition,Blue,
Cassondra,Margette,Grade A - Good Condition,Grade B - Acceptable Condition,Black,locked
Oralee,Viki,Grade C - Good Condition,Grade B - Acceptable Condition,Blue,locked
Jenda,Sashenka,Grade C - Good Condition,Grade A - Acceptable Condition,Black,locked
Tersina,Phedra,Grade B - Good Condition,Grade A - Acceptable Condition,Blue,
Vanessa,Renae,Grade B - Good Condition,Grade B - Acceptable Condition,Blue,locked
Emma,Jasmina,Grade B - Good Condition,,White,
Doro,Sara-Ann,Grade D - Good Condition,,White,locked
Jessy,Chandra,Grade D - Good Condition,Grade B - Acceptable Condition,Black,
Barbara,Asia,Grade B - Good Condition,"Not Applicable,",Blue,
Fina,Calla,Grade A - Good Condition,Grade B - Acceptable Condition,White,unlocked
Shell,Rori,Grade C - Good Condition,Grade C - Acceptable Condition,Black,locked
Zia,Randa,Grade D - Good Condition,Grade A - Acceptable Condition,Blue,unlocked
Roslyn,Amii,Grade A - Good Condition,Grade A - Acceptable Condition,Blue,unlocked
Misha,Rhoda,Grade B - Good Condition,,White,locked
Cherilyn,Flory,Grade A - Good Condition,Grade B - Acceptable Condition,White,unlocked
Aurelie,Roz,Grade C - Good Condition,Grade A - Acceptable Condition,Black,unlocked
Florencia,Pearline,Grade A - Good Condition,Grade B - Acceptable Condition,Blue,locked
Luci,Konstance,Grade A - Good Condition,,Blue,
Emilia,Larine,Grade C - Good Condition,,Black,
Kathi,Sam,Grade C - Good Condition,"Not Applicable,",Black,
Juliane,Raf,Grade A - Good Condition,Grade C - Acceptable Condition,White,locked
Oralee,Valera,Grade A - Good Condition,Grade A - Acceptable Condition,Black,
Alleen,Roslyn,Grade C - Good Condition,Grade C - Acceptable Condition,Black,unlocked
Misha,Jere,Grade B - Good Condition,Grade C - Acceptable Condition,White,
Loree,Angelique,Grade B - Good Condition,Grade B - Acceptable Condition,Black,
Frances,Cam,Grade D - Good Condition,"Not Applicable,",Black,
Mellicent,Kerrin,Grade B - Good Condition,,White,
Edyth,Kirbee,Grade B - Good Condition,"Not Applicable,",Blue,unlocked
Alyssa,Glenda,Grade B - Good Condition,"Not Applicable,",Black,
Verla,Rosabelle,Grade C - Good Condition,,Blue,locked
Yvonne,Renae,Grade D - Good Condition,"Not Applicable,",White,unlocked
Malina,Ulrike,Grade B - Good Condition,Grade C - Acceptable Condition,White,unlocked
Grier,Philis,Grade C - Good Condition,"Not Applicable,",Blue,locked
Rivalee,Dorothy,Grade D - Good Condition,Grade B - Acceptable Condition,Black,unlocked
Marylou,Gerianna,Grade C - Good Condition,Grade A - Acceptable Condition,Black,
Ingrid,Phylis,Grade A - Good Condition,,Black,locked
Linet,Millie,Grade D - Good Condition,Grade A - Acceptable Condition,White,locked
Carree,Celestyna,Grade A - Good Condition,,Black,locked
Florencia,Brooks,Grade D - Good Condition,Grade B - Acceptable Condition,White,unlocked
Helsa,Norine,Grade C - Good Condition,Grade B - Acceptable Condition,White,locked
Mary,Lucy,Grade C - Good Condition,Grade B - Acceptable Condition,Black,unlocked
Leona,Nerta,Grade C - Good Condition,"Not Applicable,",Black,
Tori,Cissiee,Grade D - Good Condition,"Not Applicable,",White,locked
Dianemarie,Ilse,Grade B - Good Condition,Grade A - Acceptable Condition,White,unlocked
Berta,Mary,Grade D - Good Condition,"Not Applicable,",White,
Heddie,Chere,Grade D - Good Condition,Grade B - Acceptable Condition,White,
Elbertina,Alameda,Grade B - Good Condition,"Not Applicable,",Black,
Linet,Gale,Grade A - Good Condition,"Not Applicable,",Blue,unlocked
Cassondra,Nyssa,Grade B - Good Condition,Grade A - Acceptable Condition,Blue,locked
Elfreda,Suzette,Grade B - Good Condition,Grade C - Acceptable Condition,Blue,locked
Ulrike,Dulcinea,Grade D - Good Condition,Grade C - Acceptable Condition,White,
Sibella,Konstance,Grade B - Good Condition,,Blue,locked
Ada,Madalyn,Grade B - Good Condition,Grade C - Acceptable Condition,Blue,
Tamqrah,Daune,Grade A - Good Condition,,Black,unlocked
Elise,Sadie,Grade C - Good Condition,Grade A - Acceptable Condition,Blue,locked
Kathy,Candi,Grade D - Good Condition,,White,unlocked
Jere,Sharlene,Grade B - Good Condition,Grade B - Acceptable Condition,White,locked
Genevra,Blondelle,Grade B - Good Condition,,Blue,unlocked
Laure,Brietta,Grade B - Good Condition,Grade A - Acceptable Condition,White,unlocked
Dyann,Kirbee,Grade B - Good Condition,Grade B - Acceptable Condition,Black,
Alex,Libbie,Grade B - Good Condition,Grade C - Acceptable Condition,Black,locked
Beverley,Shandie,Grade D - Good Condition,"Not Applicable,",Black,
Jessamyn,Aili,Grade D - Good Condition,"Not Applicable,",Black,
Florie,Misha,Grade B - Good Condition,Grade C - Acceptable Condition,Black,locked
Jobi,Renae,Grade B - Good Condition,,White,unlocked
Fanny,Alia,Grade D - Good Condition,,Black,locked
Emylee,Tobe,Grade A - Good Condition,"Not Applicable,",White,
Basia,Charissa,Grade B - Good Condition,Grade B - Acceptable Condition,White,unlocked
Candi,Ekaterina,Grade D - Good Condition,,Black,
Lusa,Jany,Grade C - Good Condition,Grade C - Acceptable Condition,Blue,unlocked
Orelia,Nyssa,Grade A - Good Condition,"Not Applicable,",Blue,unlocked
Elise,Danika,Grade A - Good Condition,"Not Applicable,",White,
Elie,Grier,Grade D - Good Condition,Grade C - Acceptable Condition,Blue,unlocked
Jaclyn,Kate,Grade B - Good Condition,,Blue,locked
Jeanna,Kaia,Grade D - Good Condition,"Not Applicable,",Black,locked
Larine,Ofilia,Grade D - Good Condition,"Not Applicable,",White,unlocked
Tami,Elyssa,Grade B - Good Condition,"Not Applicable,",Black,unlocked
Alyssa,Kalina,Grade C - Good Condition,"Not Applicable,",White,unlocked
Mignon,Angela,Grade C - Good Condition,Grade C - Acceptable Condition,Blue,unlocked
Netty,Bernie,Grade A - Good Condition,Grade B - Acceptable Condition,Black,locked
Fernande,Noelle,Grade D - Good Condition,"Not Applicable,",Black,unlocked
Wendi,Andeee,Grade C - Good Condition,"Not Applicable,",Blue,locked
Jacenta,Darlleen,Grade A - Good Condition,Grade B - Acceptable Condition,Black,unlocked
Cecile,Daune,Grade C - Good Condition,Grade B - Acceptable Condition,White,locked
Dolli,Carol-Jean,Grade D - Good Condition,Grade A - Acceptable Condition,Blue,
Clementine,Annabela,Grade A - Good Condition,,White,unlocked
Perry,Philis,Grade D - Good Condition,Grade B - Acceptable Condition,Black,
Alameda,Barbara,Grade A - Good Condition,,Blue,locked
Ebonee,Joceline,Grade A - Good Condition,Grade A - Acceptable Condition,Blue,unlocked
Ernesta,Florie,Grade D - Good Condition,Grade C - Acceptable Condition,White,unlocked
Paulita,Lizzie,Grade C - Good Condition,Grade B - Acceptable Condition,Black,
Gavrielle,Fred,Grade A - Good Condition,Grade C - Acceptable Condition,Black,locked
Sashenka,Therine,Grade A - Good Condition,Grade B - Acceptable Condition,White,
Mamie,Paulita,Grade D - Good Condition,"Not Applicable,",Blue,
Damaris,Debee,Grade D - Good Condition,Grade A - Acceptable Condition,White,locked
Livvyy,Paule,Grade C - Good Condition,Grade A - Acceptable Condition,Blue,unlocked
Cherilyn,Aili,Grade B - Good Condition,Grade C - Acceptable Condition,Black,
Valli,Tressa,Grade B - Good Condition,,Blue,
Fawne,Lenna,Grade C - Good Condition,,Black,locked
Meriel,Alia,Grade D - Good Condition,Grade C - Acceptable Condition,White,
Belinda,Karly,Grade A - Good Condition,"Not Applicable,",Blue,
Dale,Cindelyn,Grade A - Good Condition,Grade C - Acceptable Condition,Black,locked
Sherrie,Alyda,Grade A - Good Condition,"Not Applicable,",Blue,
Gwenneth,Odessa,Grade D - Good Condition,,Blue,
Quintina,Nanete,Grade A - Good Condition,Grade B - Acceptable Condition,Blue,unlocked
Ekaterina,Mignon,Grade C - Good Condition,Grade C - Acceptable Condition,Black,
Rozele,Trixi,Grade C - Good Condition,,White,locked
Heddie,Brandise,Grade B - Good Condition,Grade B - Acceptable Condition,White,unlocked
Winifred,Carmela,Grade C - Good Condition,Grade A - Acceptable Condition,Blue,unlocked
Raina,Lily,Grade B - Good Condition,Grade A - Acceptable Condition,Blue,unlocked
Sara-Ann,Violet,Grade B - Good Condition,Grade B - Acceptable Condition,Blue,
Farrah,Thalia,Grade C - Good Condition,Grade A - Acceptable Condition,Black,
Alyssa,Gavrielle,Grade A - Good Condition,Grade B - Acceptable Condition,Blue,
Nannie,Hayley,Grade C - Good Condition,,Black,locked
Sharai,Florencia,Grade B - Good Condition,Grade B - Acceptable Condition,White,locked
Bernardine,Gabi,Grade B - Good Condition,Grade C - Acceptable Condition,Blue,
Damaris,Hettie,Grade A - Good Condition,,Blue,
Berta,Meg,Grade D - Good Condition,Grade C - Acceptable Condition,Black,locked
Abbie,Hannis,Grade B - Good Condition,"Not Applicable,",White,
Kelly,Ira,Grade C - Good Condition,"Not Applicable,",Black,
Bernie,Gaylene,Grade B - Good Condition,Grade A - Acceptable Condition,White,locked
Therine,Dominga,Grade B - Good Condition,"Not Applicable,",White,unlocked
Marline,Lynde,Grade A - Good Condition,"Not Applicable,",Blue,locked
Bee,Shirlee,Grade A - Good Condition,Grade A - Acceptable Condition,Blue,unlocked
Hollie,Florencia,Grade B - Good Condition,"Not Applicable,",Blue,unlocked
Dania,Nataline,Grade D - Good Condition,"Not Applicable,",Black,unlocked
Nerta,Atlanta,Grade D - Good Condition,Grade C - Acceptable Condition,Black,locked
Vita,Lyssa,Grade D - Good Condition,,Black,
Elka,Susette,Grade C - Good Condition,Grade B - Acceptable Condition,White,locked
Morganica,Vita,Grade B - Good Condition,,White,unlocked
Kenna,Deane,Grade C - Good Condition,Grade C - Acceptable Condition,Blue,
Jacquetta,Janenna,Grade D - Good Condition,Grade A - Acceptable Condition,White,
Gilligan,Flo,Grade B - Good Condition,"Not Applicable,",White,unlocked
Elora,Elka,Grade D - Good Condition,Grade C - Acceptable Condition,Blue,locked
Eadie,Starla,Grade A - Good Condition,"Not Applicable,",Blue,unlocked
Nerta,Genovera,Grade B - Good Condition,Grade A - Acceptable Condition,Blue,locked
Eolanda,Alisha,Grade D - Good Condition,Grade B - Acceptable Condition,White,unlocked
Cristabel,Vivia,Grade A - Good Condition,Grade C - Acceptable Condition,Blue,unlocked
Shaylyn,Gisela,Grade D - Good Condition,,Black,
Cyb,Genevra,Grade D - Good Condition,Grade B - Acceptable Condition,Blue,locked
Brianna,Candi,Grade C - Good Condition,Grade B - Acceptable Condition,Black,
Judy,Kore,Grade A - Good Condition,Grade C - Acceptable Condition,White,unlocked
Letizia,Ruthe,Grade D - Good Condition,"Not Applicable,",White,
Gerrie,Tatiania,Grade D - Good Condition,,Black,locked
Kial,Kenna,Grade D - Good Condition,"Not Applicable,",Black,
Latisha,Valeda,Grade A - Good Condition,Grade C - Acceptable Condition,Black,unlocked
Tarra,Gretal,Grade C - Good Condition,Grade B - Acceptable Condition,Black,locked
Hannis,Alyda,Grade C - Good Condition,"Not Applicable,",Black,unlocked
Kirstin,Janis,Grade C - Good Condition,"Not Applicable,",White,
Nickie,Florie,Grade D - Good Condition,Grade A - Acceptable Condition,Black,unlocked
Sandie,Kimberley,Grade B - Good Condition,Grade C - Acceptable Condition,White,unlocked
Dorthy,Bettine,Grade B - Good Condition,Grade B - Acceptable Condition,White,
Aaren,Daphne,Grade B - Good Condition,,Black,unlocked
Fidelia,Starla,Grade C - Good Condition,,Black,locked
Brooks,Lizzie,Grade C - Good Condition,,White,
Augustine,Norine,Grade B - Good Condition,Grade B - Acceptable Condition,Blue,unlocked
Lynde,Elvira,Grade B - Good Condition,Grade A - Acceptable Condition,Black,
Jenda,Cecile,Grade A - Good Condition,Grade C - Acceptable Condition,White,locked
Florie,Alejandra,Grade A - Good Condition,Grade A - Acceptable Condition,White,unlocked
Jeanna,Gilligan,Grade B - Good Condition,,Blue,unlocked
Clo,Darci,Grade D - Good Condition,"Not Applicable,",Black,
Clarice,Robinia,Grade B - Good Condition,Grade C - Acceptable Condition,White,unlocked
Darci,Ann-Marie,Grade A - Good Condition,Grade A - Acceptable Condition,White,unlocked
Minne,Jany,Grade D - Good Condition,"Not Applicable,",Black,locked
Suzette,Cristine,Grade B - Good Condition,Grade B - Acceptable Condition,White,locked
Sarette,Veda,Grade D - Good Condition,Grade A - Acceptable Condition,Black,
Angela,Sindee,Grade C - Good Condition,Grade C - Acceptable Condition,Blue,
Benita,Jackie,Grade C - Good Condition,Grade A - Acceptable Condition,Blue,locked
Kalina,Stevana,Grade D - Good Condition,Grade C - Acceptable Condition,Black,
Valeda,Hollie,Grade B - Good Condition,Grade A - Acceptable Condition,Black,
Ivett,Philis,Grade C - Good Condition,Grade B - Acceptable Condition,Black,unlocked
Rosene,Jacenta,Grade C - Good Condition,Grade B - Acceptable Condition,Blue,locked
Lexine,Celisse,Grade C - Good Condition,"Not Applicable,",White,
Willetta,Chere,Grade C - Good Condition,"Not Applicable,",Black,unlocked
Eve,Sissy,Grade A - Good Condition,"Not Applicable,",Blue,unlocked
Tatiania,Orelia,Grade A - Good Condition,"Not Applicable,",Blue,locked
Jobi,Sharlene,Grade A - Good Condition,Grade B - Acceptable Condition,White,
Mariann,Bernardine,Grade A - Good Condition,Grade B - Acceptable Condition,Blue,
Bettine,Brianna,Grade D - Good Condition,"Not Applicable,",White,locked
Lisette,Lulita,Grade B - Good Condition,Grade B - Acceptable Condition,White,
Tracey,Elbertina,Grade C - Good Condition,Grade C - Acceptable Condition,White,locked
Mignon,Heddie,Grade B - Good Condition,Grade A - Acceptable Condition,White,locked
Philis,Blondelle,Grade C - Good Condition,,Black,locked
Gabi,Randa,Grade C - Good Condition,,Black,unlocked
Albertina,Aurelie,Grade A - Good Condition,,Blue,locked
Frank,Edyth,Grade A - Good Condition,Grade A - Acceptable Condition,White,locked
Lenna,Susette,Grade A - Good Condition,Grade B - Acceptable Condition,Black,locked
Rhoda,Ayn,Grade A - Good Condition,Grade B - Acceptable Condition,White,locked
Estell,Sallie,Grade D - Good Condition,Grade A - Acceptable Condition,White,locked
Alia,Melisent,Grade C - Good Condition,,White,unlocked
Nessie,Celisse,Grade A - Good Condition,Grade B - Acceptable Condition,Blue,unlocked
Zsa Zsa,Blinni,Grade B - Good Condition,"Not Applicable,",Blue,
Adele,Nita,Grade C - Good Condition,"Not Applicable,",Blue,
Letizia,Kristina,Grade A - Good Condition,Grade C - Acceptable Condition,Blue,unlocked
Vivia,Cristine,Grade C - Good Condition,,Blue,locked
Sissy,Tierney,Grade D - Good Condition,Grade A - Acceptable Condition,White,unlocked
Barbi,Cathie,Grade C - Good Condition,Grade B - Acceptable Condition,Black,unlocked
Tobe,Genevra,Grade D - Good Condition,,Black,
Talya,Lenna,Grade B - Good Condition,"Not Applicable,",Blue,locked
Priscilla,Sonni,Grade B - Good Condition,Grade B - Acceptable Condition,Black,locked
Rhoda,Chere,Grade C - Good Condition,Grade B - Acceptable Condition,Blue,unlocked
Mamie,Charlena,Grade D - Good Condition,Grade B - Acceptable Condition,White,locked